feature,importance
duration_num,0.9956861559748557
cast_count,0.0018405824032422496
main_genre,0.0007701200298929381
year_added,0.0006442038411347876
rating,0.00051536307290783
content_age,0.00051536307290783
director_count,2.8211605058732915e-05
release_year,0.0
month_added,0.0
country_count,0.0
is_long_content,0.0
is_multicountry,0.0
