Model,Accuracy,Precision,Recall,F1 Score
KNN,0.9856957087126138,0.9761904761904762,0.9761904761904762,0.9761904761904762
Logistic Regression,0.9967490247074122,0.9913978494623656,0.9978354978354979,0.9946062567421791
Decision Tree,0.9973992197659298,0.9956709956709957,0.9956709956709957,0.9956709956709957
